PRAGMA foreign_keys=OFF;
BEGIN TRANSACTION;
CREATE TABLE IF NOT EXISTS "django_migrations" ("id" integer NOT NULL PRIMARY KEY AUTOINCREMENT, "app" varchar(255) NOT NULL, "name" varchar(255) NOT NULL, "applied" datetime NOT NULL);
INSERT INTO django_migrations VALUES(1,'contenttypes','0001_initial','2018-05-08 23:02:58.041170');
INSERT INTO django_migrations VALUES(2,'auth','0001_initial','2018-05-08 23:02:58.211405');
INSERT INTO django_migrations VALUES(3,'admin','0001_initial','2018-05-08 23:02:58.391150');
INSERT INTO django_migrations VALUES(4,'admin','0002_logentry_remove_auto_add','2018-05-08 23:02:58.604376');
INSERT INTO django_migrations VALUES(5,'articles','0001_initial','2018-05-08 23:02:58.794752');
INSERT INTO django_migrations VALUES(6,'contenttypes','0002_remove_content_type_name','2018-05-08 23:02:58.985573');
INSERT INTO django_migrations VALUES(7,'auth','0002_alter_permission_name_max_length','2018-05-08 23:02:59.113548');
INSERT INTO django_migrations VALUES(8,'auth','0003_alter_user_email_max_length','2018-05-08 23:02:59.269242');
INSERT INTO django_migrations VALUES(9,'auth','0004_alter_user_username_opts','2018-05-08 23:02:59.436112');
INSERT INTO django_migrations VALUES(10,'auth','0005_alter_user_last_login_null','2018-05-08 23:02:59.569382');
INSERT INTO django_migrations VALUES(11,'auth','0006_require_contenttypes_0002','2018-05-08 23:02:59.655790');
INSERT INTO django_migrations VALUES(12,'auth','0007_alter_validators_add_error_messages','2018-05-08 23:02:59.792107');
INSERT INTO django_migrations VALUES(13,'auth','0008_alter_user_username_max_length','2018-05-08 23:02:59.936242');
INSERT INTO django_migrations VALUES(14,'auth','0009_alter_user_last_name_max_length','2018-05-08 23:03:00.080704');
INSERT INTO django_migrations VALUES(15,'users','0001_initial','2018-05-08 23:03:00.258320');
INSERT INTO django_migrations VALUES(16,'reservations','0001_initial','2018-05-08 23:03:00.416086');
INSERT INTO django_migrations VALUES(17,'sessions','0001_initial','2018-05-08 23:03:00.617986');
INSERT INTO django_migrations VALUES(18,'reservations','0002_auto_20180531_1828','2018-05-31 22:28:58.294562');
INSERT INTO django_migrations VALUES(19,'users','0002_auto_20180704_1918','2018-07-04 23:43:51.872922');
INSERT INTO django_migrations VALUES(20,'reservations','0002_auto_20180509_1751','2018-07-04 23:43:52.117779');
INSERT INTO django_migrations VALUES(21,'reservations','0003_auto_20180509_1830','2018-07-04 23:43:52.361138');
INSERT INTO django_migrations VALUES(22,'reservations','0004_auto_20180704_1921','2018-07-04 23:43:52.572500');
INSERT INTO django_migrations VALUES(23,'reservations','0005_auto_20180704_1922','2018-07-04 23:43:52.761423');
INSERT INTO django_migrations VALUES(24,'reservations','0006_merge_20180704_1943','2018-07-04 23:43:52.854153');
INSERT INTO django_migrations VALUES(25,'reservations','0007_auto_20180709_1011','2018-07-09 14:11:32.120179');
CREATE TABLE IF NOT EXISTS "auth_group" ("id" integer NOT NULL PRIMARY KEY AUTOINCREMENT, "name" varchar(80) NOT NULL UNIQUE);
CREATE TABLE IF NOT EXISTS "auth_group_permissions" ("id" integer NOT NULL PRIMARY KEY AUTOINCREMENT, "group_id" integer NOT NULL REFERENCES "auth_group" ("id") DEFERRABLE INITIALLY DEFERRED, "permission_id" integer NOT NULL REFERENCES "auth_permission" ("id") DEFERRABLE INITIALLY DEFERRED);
CREATE TABLE IF NOT EXISTS "auth_user_groups" ("id" integer NOT NULL PRIMARY KEY AUTOINCREMENT, "user_id" integer NOT NULL REFERENCES "auth_user" ("id") DEFERRABLE INITIALLY DEFERRED, "group_id" integer NOT NULL REFERENCES "auth_group" ("id") DEFERRABLE INITIALLY DEFERRED);
CREATE TABLE IF NOT EXISTS "auth_user_user_permissions" ("id" integer NOT NULL PRIMARY KEY AUTOINCREMENT, "user_id" integer NOT NULL REFERENCES "auth_user" ("id") DEFERRABLE INITIALLY DEFERRED, "permission_id" integer NOT NULL REFERENCES "auth_permission" ("id") DEFERRABLE INITIALLY DEFERRED);
CREATE TABLE IF NOT EXISTS "django_admin_log" ("id" integer NOT NULL PRIMARY KEY AUTOINCREMENT, "object_id" text NULL, "object_repr" varchar(200) NOT NULL, "action_flag" smallint unsigned NOT NULL, "change_message" text NOT NULL, "content_type_id" integer NULL REFERENCES "django_content_type" ("id") DEFERRABLE INITIALLY DEFERRED, "user_id" integer NOT NULL REFERENCES "auth_user" ("id") DEFERRABLE INITIALLY DEFERRED, "action_time" datetime NOT NULL);
CREATE TABLE IF NOT EXISTS "articles_article" ("id" integer NOT NULL PRIMARY KEY AUTOINCREMENT, "name" varchar(128) NOT NULL, "image" varchar(100) NOT NULL, "description" text NOT NULL, "status" smallint unsigned NOT NULL);
INSERT INTO articles_article VALUES(1,'Mesa cuadrada','articles/images/1.png','Una mesa muy bacan. También es muy cuadrada. Tiene 4 ángulos rectos.',0);
INSERT INTO articles_article VALUES(2,'Escoba','articles/images/104232.jpg','Una escoba vieja. No estés triste,  aún barre como si estuviese nueva.',0);
INSERT INTO articles_article VALUES(6,'Pala','articles/images/pala-punta-corona-sv1th-con-mango-muleta.jpg','La mejor amiga de la escoba.',0);
INSERT INTO articles_article VALUES(7,'Aspiradora','articles/images/aspiradora.jpeg','El futuro de la limpieza.',0);
INSERT INTO articles_article VALUES(8,'Manguera','articles/images/manguera.jpeg','Para regar. Necesita una fuente de agua.',0);
INSERT INTO articles_article VALUES(9,'Silla cómoda','articles/images/silla.jpeg','Recomendado junto a una mesa cuadrada.',0);
CREATE TABLE IF NOT EXISTS "articles_space" ("id" integer NOT NULL PRIMARY KEY AUTOINCREMENT, "name" varchar(50) NOT NULL, "status" smallint unsigned NOT NULL);
INSERT INTO articles_space VALUES(2,'Quincho',0);
INSERT INTO articles_space VALUES(3,'Sala 1',0);
INSERT INTO articles_space VALUES(4,'Sala 2',0);
INSERT INTO articles_space VALUES(5,'Sala 3',0);
INSERT INTO articles_space VALUES(6,'Auditorio',0);
CREATE TABLE IF NOT EXISTS "django_content_type" ("id" integer NOT NULL PRIMARY KEY AUTOINCREMENT, "app_label" varchar(100) NOT NULL, "model" varchar(100) NOT NULL);
INSERT INTO django_content_type VALUES(1,'admin','logentry');
INSERT INTO django_content_type VALUES(2,'auth','permission');
INSERT INTO django_content_type VALUES(3,'auth','group');
INSERT INTO django_content_type VALUES(4,'auth','user');
INSERT INTO django_content_type VALUES(5,'contenttypes','contenttype');
INSERT INTO django_content_type VALUES(6,'sessions','session');
INSERT INTO django_content_type VALUES(7,'articles','article');
INSERT INTO django_content_type VALUES(8,'articles','space');
INSERT INTO django_content_type VALUES(9,'reservations','loan');
INSERT INTO django_content_type VALUES(10,'reservations','reservation');
INSERT INTO django_content_type VALUES(11,'users','registereduser');
CREATE TABLE IF NOT EXISTS "auth_permission" ("id" integer NOT NULL PRIMARY KEY AUTOINCREMENT, "content_type_id" integer NOT NULL REFERENCES "django_content_type" ("id") DEFERRABLE INITIALLY DEFERRED, "codename" varchar(100) NOT NULL, "name" varchar(255) NOT NULL);
INSERT INTO auth_permission VALUES(1,1,'add_logentry','Can add log entry');
INSERT INTO auth_permission VALUES(2,1,'change_logentry','Can change log entry');
INSERT INTO auth_permission VALUES(3,1,'delete_logentry','Can delete log entry');
INSERT INTO auth_permission VALUES(4,2,'add_permission','Can add permission');
INSERT INTO auth_permission VALUES(5,2,'change_permission','Can change permission');
INSERT INTO auth_permission VALUES(6,2,'delete_permission','Can delete permission');
INSERT INTO auth_permission VALUES(7,3,'add_group','Can add group');
INSERT INTO auth_permission VALUES(8,3,'change_group','Can change group');
INSERT INTO auth_permission VALUES(9,3,'delete_group','Can delete group');
INSERT INTO auth_permission VALUES(10,4,'add_user','Can add user');
INSERT INTO auth_permission VALUES(11,4,'change_user','Can change user');
INSERT INTO auth_permission VALUES(12,4,'delete_user','Can delete user');
INSERT INTO auth_permission VALUES(13,5,'add_contenttype','Can add content type');
INSERT INTO auth_permission VALUES(14,5,'change_contenttype','Can change content type');
INSERT INTO auth_permission VALUES(15,5,'delete_contenttype','Can delete content type');
INSERT INTO auth_permission VALUES(16,6,'add_session','Can add session');
INSERT INTO auth_permission VALUES(17,6,'change_session','Can change session');
INSERT INTO auth_permission VALUES(18,6,'delete_session','Can delete session');
INSERT INTO auth_permission VALUES(19,7,'add_article','Can add article');
INSERT INTO auth_permission VALUES(20,7,'change_article','Can change article');
INSERT INTO auth_permission VALUES(21,7,'delete_article','Can delete article');
INSERT INTO auth_permission VALUES(22,8,'add_space','Can add space');
INSERT INTO auth_permission VALUES(23,8,'change_space','Can change space');
INSERT INTO auth_permission VALUES(24,8,'delete_space','Can delete space');
INSERT INTO auth_permission VALUES(25,9,'add_loan','Can add (''loan'',)');
INSERT INTO auth_permission VALUES(26,9,'change_loan','Can change (''loan'',)');
INSERT INTO auth_permission VALUES(27,9,'delete_loan','Can delete (''loan'',)');
INSERT INTO auth_permission VALUES(28,10,'add_reservation','Can add (''reservation'',)');
INSERT INTO auth_permission VALUES(29,10,'change_reservation','Can change (''reservation'',)');
INSERT INTO auth_permission VALUES(30,10,'delete_reservation','Can delete (''reservation'',)');
INSERT INTO auth_permission VALUES(31,11,'add_registereduser','Can add registered user');
INSERT INTO auth_permission VALUES(32,11,'change_registereduser','Can change registered user');
INSERT INTO auth_permission VALUES(33,11,'delete_registereduser','Can delete registered user');
CREATE TABLE IF NOT EXISTS "auth_user" ("id" integer NOT NULL PRIMARY KEY AUTOINCREMENT, "password" varchar(128) NOT NULL, "last_login" datetime NULL, "is_superuser" bool NOT NULL, "username" varchar(150) NOT NULL UNIQUE, "first_name" varchar(30) NOT NULL, "email" varchar(254) NOT NULL, "is_staff" bool NOT NULL, "is_active" bool NOT NULL, "date_joined" datetime NOT NULL, "last_name" varchar(150) NOT NULL);
INSERT INTO auth_user VALUES(3,'pbkdf2_sha256$100000$legNk07raIkz$Sh4LlTEI43zxZ86K5lOxQ3/w6nbLI/obzmSerhU6xQM=','2018-07-09 21:03:27.693947',0,'19248555k','Armando','arsistemas@email.com',0,1,'2018-07-09 20:42:20.567776','Sistemas');
INSERT INTO auth_user VALUES(4,'pbkdf2_sha256$100000$ofoJqxUk0suB$4XOvL+SdaSnE6fP5dvxMZnGVSxcXPjDxIFqleLsVXyo=','2018-07-09 21:05:50.146534',0,'25118951k','Juanito','juarcoiris@email.com',0,1,'2018-07-09 21:05:03.955845','Arcoiris');
INSERT INTO auth_user VALUES(5,'pbkdf2_sha256$100000$6rCXBfUboJWG$gfQFQtsci+TtuLpIrS8oYAqZlNHpGDh1Zyb68j7LSlY=','2018-07-09 21:06:39.269533',0,'991795340','Margarita','maflores@email.com',0,1,'2018-07-09 21:06:38.907932','Flores');
INSERT INTO auth_user VALUES(6,'pbkdf2_sha256$100000$XOwAKGlNEKbH$vpGTA+LVDK7kjN8hOz8aapAZVB1w64ss1FGg7DYIYEE=','2018-07-09 21:07:17.114723',0,'865711220','Lolita','loflores@email.com',0,1,'2018-07-09 21:07:16.740762','Flores');
CREATE TABLE IF NOT EXISTS "django_session" ("session_key" varchar(40) NOT NULL PRIMARY KEY, "session_data" text NOT NULL, "expire_date" datetime NOT NULL);
INSERT INTO django_session VALUES('242prj2cua9pucl92tfkgf8gwcfkwydz','YTQzMmEyZWQ4N2VhODYxZGY1YjJkMTQxYmIyZTcxMDc5MDc3ODc1NDp7Il9hdXRoX3VzZXJfaWQiOiIxIiwiX2F1dGhfdXNlcl9iYWNrZW5kIjoiZGphbmdvLmNvbnRyaWIuYXV0aC5iYWNrZW5kcy5Nb2RlbEJhY2tlbmQiLCJfYXV0aF91c2VyX2hhc2giOiI2MzA4ZjVmMzc5ZmMyZGNhYTUyZWFkMDdlOTMzNjI0Mzk4MWEwMWVlIn0=','2018-05-23 19:02:55.305242');
INSERT INTO django_session VALUES('ioie2t14agk2ne9l26ayu0xmixith5fa','YTQzMmEyZWQ4N2VhODYxZGY1YjJkMTQxYmIyZTcxMDc5MDc3ODc1NDp7Il9hdXRoX3VzZXJfaWQiOiIxIiwiX2F1dGhfdXNlcl9iYWNrZW5kIjoiZGphbmdvLmNvbnRyaWIuYXV0aC5iYWNrZW5kcy5Nb2RlbEJhY2tlbmQiLCJfYXV0aF91c2VyX2hhc2giOiI2MzA4ZjVmMzc5ZmMyZGNhYTUyZWFkMDdlOTMzNjI0Mzk4MWEwMWVlIn0=','2018-06-15 01:09:38.638553');
INSERT INTO django_session VALUES('ite48ryc13lt4tcoudb10y6faspjg9yi','YTQzMmEyZWQ4N2VhODYxZGY1YjJkMTQxYmIyZTcxMDc5MDc3ODc1NDp7Il9hdXRoX3VzZXJfaWQiOiIxIiwiX2F1dGhfdXNlcl9iYWNrZW5kIjoiZGphbmdvLmNvbnRyaWIuYXV0aC5iYWNrZW5kcy5Nb2RlbEJhY2tlbmQiLCJfYXV0aF91c2VyX2hhc2giOiI2MzA4ZjVmMzc5ZmMyZGNhYTUyZWFkMDdlOTMzNjI0Mzk4MWEwMWVlIn0=','2018-07-18 23:54:50.965060');
INSERT INTO django_session VALUES('x788te0r6herluzina06abcfdu1iklvq','YTk5YmZhZDE1MGFiYzkzMDAyZGQ4NzEyODZiZDc3YWViOWZiMWVmYzp7Il9hdXRoX3VzZXJfaWQiOiIyIiwiX2F1dGhfdXNlcl9iYWNrZW5kIjoiZGphbmdvLmNvbnRyaWIuYXV0aC5iYWNrZW5kcy5Nb2RlbEJhY2tlbmQiLCJfYXV0aF91c2VyX2hhc2giOiI0MzMzNmJhYWM0OGY3Yzg2MmFmYjIyMGM0ZGZmYjEyZTFjOWRhZmZhIn0=','2018-07-23 18:30:32.473914');
INSERT INTO django_session VALUES('gclnkou38rjaxvgaqri8fv4xoktim9yy','YTk5YmZhZDE1MGFiYzkzMDAyZGQ4NzEyODZiZDc3YWViOWZiMWVmYzp7Il9hdXRoX3VzZXJfaWQiOiIyIiwiX2F1dGhfdXNlcl9iYWNrZW5kIjoiZGphbmdvLmNvbnRyaWIuYXV0aC5iYWNrZW5kcy5Nb2RlbEJhY2tlbmQiLCJfYXV0aF91c2VyX2hhc2giOiI0MzMzNmJhYWM0OGY3Yzg2MmFmYjIyMGM0ZGZmYjEyZTFjOWRhZmZhIn0=','2018-07-23 18:32:23.858025');
INSERT INTO django_session VALUES('x2j7f0mk55deg9ntzik6aubv19l8mss2','YTk5YmZhZDE1MGFiYzkzMDAyZGQ4NzEyODZiZDc3YWViOWZiMWVmYzp7Il9hdXRoX3VzZXJfaWQiOiIyIiwiX2F1dGhfdXNlcl9iYWNrZW5kIjoiZGphbmdvLmNvbnRyaWIuYXV0aC5iYWNrZW5kcy5Nb2RlbEJhY2tlbmQiLCJfYXV0aF91c2VyX2hhc2giOiI0MzMzNmJhYWM0OGY3Yzg2MmFmYjIyMGM0ZGZmYjEyZTFjOWRhZmZhIn0=','2018-07-23 19:43:02.707685');
CREATE TABLE IF NOT EXISTS "users_registereduser" ("id" integer NOT NULL PRIMARY KEY AUTOINCREMENT, "status" smallint unsigned NOT NULL, "is_admin" bool NOT NULL, "user_id" integer NOT NULL UNIQUE REFERENCES "auth_user" ("id") DEFERRABLE INITIALLY DEFERRED, "avatar" varchar(100) NOT NULL);
INSERT INTO users_registereduser VALUES(3,0,1,3,'users/images/default-profile.png');
INSERT INTO users_registereduser VALUES(4,0,0,4,'users/images/default-profile.png');
INSERT INTO users_registereduser VALUES(5,0,0,5,'users/images/default-profile.png');
INSERT INTO users_registereduser VALUES(6,0,0,6,'users/images/default-profile.png');
CREATE TABLE IF NOT EXISTS "reservations_loan" ("id" integer NOT NULL PRIMARY KEY AUTOINCREMENT, "is_article" bool NOT NULL, "is_space" bool NOT NULL, "initial_date" datetime NOT NULL, "end_date" datetime NOT NULL, "state" smallint unsigned NOT NULL, "article_id" integer NULL REFERENCES "articles_article" ("id") DEFERRABLE INITIALLY DEFERRED, "space_id" integer NULL REFERENCES "articles_space" ("id") DEFERRABLE INITIALLY DEFERRED, "user_id" integer NOT NULL REFERENCES "users_registereduser" ("id") DEFERRABLE INITIALLY DEFERRED, "created_at" datetime NOT NULL, "created_by_id" integer NOT NULL REFERENCES "users_registereduser" ("id") DEFERRABLE INITIALLY DEFERRED);
CREATE TABLE IF NOT EXISTS "reservations_reservation" ("id" integer NOT NULL PRIMARY KEY AUTOINCREMENT, "is_article" bool NOT NULL, "is_space" bool NOT NULL, "initial_date" datetime NOT NULL, "end_date" datetime NOT NULL, "state" smallint unsigned NOT NULL, "article_id" integer NULL REFERENCES "articles_article" ("id") DEFERRABLE INITIALLY DEFERRED, "user_id" integer NOT NULL REFERENCES "users_registereduser" ("id") DEFERRABLE INITIALLY DEFERRED, "created_at" datetime NOT NULL, "space_id" integer NULL REFERENCES "articles_space" ("id") DEFERRABLE INITIALLY DEFERRED);
DELETE FROM sqlite_sequence;
INSERT INTO sqlite_sequence VALUES('django_migrations',25);
INSERT INTO sqlite_sequence VALUES('django_admin_log',0);
INSERT INTO sqlite_sequence VALUES('django_content_type',11);
INSERT INTO sqlite_sequence VALUES('auth_permission',33);
INSERT INTO sqlite_sequence VALUES('auth_user',6);
INSERT INTO sqlite_sequence VALUES('articles_article',9);
INSERT INTO sqlite_sequence VALUES('articles_space',6);
INSERT INTO sqlite_sequence VALUES('users_registereduser',6);
INSERT INTO sqlite_sequence VALUES('reservations_loan',4);
INSERT INTO sqlite_sequence VALUES('reservations_reservation',44);
CREATE UNIQUE INDEX auth_group_permissions_group_id_permission_id_0cd325b0_uniq ON "auth_group_permissions" ("group_id", "permission_id");
CREATE INDEX "auth_group_permissions_group_id_b120cbf9" ON "auth_group_permissions" ("group_id");
CREATE INDEX "auth_group_permissions_permission_id_84c5c92e" ON "auth_group_permissions" ("permission_id");
CREATE UNIQUE INDEX auth_user_groups_user_id_group_id_94350c0c_uniq ON "auth_user_groups" ("user_id", "group_id");
CREATE INDEX "auth_user_groups_user_id_6a12ed8b" ON "auth_user_groups" ("user_id");
CREATE INDEX "auth_user_groups_group_id_97559544" ON "auth_user_groups" ("group_id");
CREATE UNIQUE INDEX auth_user_user_permissions_user_id_permission_id_14a6b632_uniq ON "auth_user_user_permissions" ("user_id", "permission_id");
CREATE INDEX "auth_user_user_permissions_user_id_a95ead1b" ON "auth_user_user_permissions" ("user_id");
CREATE INDEX "auth_user_user_permissions_permission_id_1fbb5f2c" ON "auth_user_user_permissions" ("permission_id");
CREATE INDEX "django_admin_log_content_type_id_c4bce8eb" ON "django_admin_log" ("content_type_id");
CREATE INDEX "django_admin_log_user_id_c564eba6" ON "django_admin_log" ("user_id");
CREATE UNIQUE INDEX django_content_type_app_label_model_76bd3d3b_uniq ON "django_content_type" ("app_label", "model");
CREATE UNIQUE INDEX auth_permission_content_type_id_codename_01ab375a_uniq ON "auth_permission" ("content_type_id", "codename");
CREATE INDEX "auth_permission_content_type_id_2f476e4b" ON "auth_permission" ("content_type_id");
CREATE INDEX "django_session_expire_date_a5c62663" ON "django_session" ("expire_date");
CREATE INDEX "reservations_loan_article_id_0725b702" ON "reservations_loan" ("article_id");
CREATE INDEX "reservations_loan_space_id_29518bb9" ON "reservations_loan" ("space_id");
CREATE INDEX "reservations_loan_user_id_e36a9955" ON "reservations_loan" ("user_id");
CREATE INDEX "reservations_loan_created_by_id_2a4a4fd0" ON "reservations_loan" ("created_by_id");
CREATE INDEX "reservations_reservation_article_id_cd9cbfe9" ON "reservations_reservation" ("article_id");
CREATE INDEX "reservations_reservation_user_id_6ed5b1c9" ON "reservations_reservation" ("user_id");
CREATE INDEX "reservations_reservation_space_id_771e8ac0" ON "reservations_reservation" ("space_id");
COMMIT;
